day,subreddit,ticker,posts_fetched,posts_kept,clusters_emitted
2025-08-08,wallstreetbets,TSLA,0,0,0
2025-08-08,wallstreetbets,AMD,0,0,0
2025-08-08,stocks,TSLA,0,0,0
2025-08-08,stocks,AMD,0,0,0
2025-08-08,StockMarket,TSLA,0,0,0
2025-08-08,StockMarket,AMD,0,0,0
2025-08-09,wallstreetbets,TSLA,0,0,0
2025-08-09,wallstreetbets,AMD,0,0,0
2025-08-09,stocks,TSLA,0,0,0
2025-08-09,stocks,AMD,0,0,0
2025-08-09,StockMarket,TSLA,0,0,0
2025-08-09,StockMarket,AMD,0,0,0
2025-08-10,wallstreetbets,TSLA,0,0,0
2025-08-10,wallstreetbets,AMD,0,0,0
2025-08-10,stocks,TSLA,0,0,0
2025-08-10,stocks,AMD,0,0,0
2025-08-10,StockMarket,TSLA,0,0,0
2025-08-10,StockMarket,AMD,0,0,0
2025-08-11,wallstreetbets,TSLA,0,0,0
2025-08-11,wallstreetbets,AMD,0,0,0
2025-08-11,stocks,TSLA,0,0,0
2025-08-11,stocks,AMD,0,0,0
2025-08-11,StockMarket,TSLA,0,0,0
2025-08-11,StockMarket,AMD,0,0,0
2025-08-12,wallstreetbets,TSLA,0,0,0
2025-08-12,wallstreetbets,AMD,0,0,0
2025-08-12,stocks,TSLA,0,0,0
2025-08-12,stocks,AMD,0,0,0
2025-08-12,StockMarket,TSLA,0,0,0
2025-08-12,StockMarket,AMD,0,0,0
2025-08-13,wallstreetbets,TSLA,0,0,0
2025-08-13,wallstreetbets,AMD,0,0,0
2025-08-13,stocks,TSLA,0,0,0
2025-08-13,stocks,AMD,0,0,0
2025-08-13,StockMarket,TSLA,0,0,0
2025-08-13,StockMarket,AMD,0,0,0
2025-08-14,wallstreetbets,TSLA,0,0,0
2025-08-14,wallstreetbets,AMD,0,0,0
2025-08-14,stocks,TSLA,0,0,0
2025-08-14,stocks,AMD,0,0,0
2025-08-14,StockMarket,TSLA,0,0,0
2025-08-14,StockMarket,AMD,0,0,0
