id,ticker,signal_iso,hits_in_window,score_max,score_sum,comments_max,comments_sum,has_positive,has_crisis,has_earnings,has_primary_source_link,titles_concat,links_concat,score_max,comments_max,hits
SIG-CRWV-20250812-2010,CRWV,2025-08-12T20:10:00Z,3,120,240,85,150,0,1,1,1,"CoreWeave earnings miss; guidance cut || CRWV plunges after hours || Results: wider loss than expected","https://investor.coreweave.com/press-release || https://www.businesswire.com || https://www.reddit.com/r/StockMarket",120,85,3
SIG-AMD-20250813-1505,AMD,2025-08-13T15:05:00Z,3,95,210,60,140,1,0,0,0,"Piper reiterates Overweight; raises price target on AMD || AMD breakout chatter || bullish flow noted","https://www.reddit.com/r/swingtrading || https://www.reddit.com/r/stocks || https://twitter.com/someacct",95,60,3
SIG-BA-20250805-1420,BA,2025-08-05T14:20:00Z,2,80,150,120,180,0,1,0,0,"Boeing 737 makes emergency landing; FAA statement incoming || smoke reportedly in cabin","https://www.reddit.com/r/aviation || https://www.reddit.com/r/StockMarket",80,120,2
SIG-SRFM-20250808-1355,SRFM,2025-08-08T13:55:00Z,2,70,130,55,90,0,0,1,0,"SRFM results disappoint; revenue guide trimmed || margin outlook soft","https://www.reddit.com/r/stocks || https://www.reddit.com/r/StockMarket",70,55,2
SIG-NVDA-20250807-1445,NVDA,2025-08-07T14:45:00Z,2,85,160,65,110,1,0,0,1,"NVIDIA announces new enterprise partnership; PR hits || analyst bumps PT","https://www.businesswire.com || https://www.reddit.com/r/StockMarket",85,65,2
SIG-AMD-20250806-1730,AMD,2025-08-06T17:30:00Z,2,35,60,12,22,0,0,0,0,"AMD to the moon!! no source || random hype","https://www.reddit.com/r/wallstreetbets || https://www.reddit.com/r/stocks",35,12,2
SIG-AAL-20250806-1600,AAL,2025-08-06T16:00:00Z,2,40,75,18,30,0,0,0,0,"Is AAL about to squeeze? rumor only || vague chatter","https://www.reddit.com/r/stocks || https://twitter.com/someacct",40,18,2
SIG-CRWD-20250806-1530,CRWD,2025-08-06T15:30:00Z,2,28,55,10,20,0,0,0,0,"CrowdStrike ‘bad news incoming’ (no links) || speculation thread","https://www.reddit.com/r/wallstreetbets || https://www.reddit.com/r/stocks",28,10,2
SIG-NVDA-20250809-1502,NVDA,2025-08-09T15:02:00Z,3,60,120,25,55,0,0,1,1,"NVIDIA files 8-K; small accounting classification update (non-cash) || minor IR note","https://sec.gov/Archives/edgar/data/... || https://investor.nvidia.com || https://www.reddit.com/r/StockMarket",60,25,3
SIG-BA-20250809-1624,BA,2025-08-09T16:24:00Z,2,45,90,22,40,0,1,0,0,"‘Hearing a problem’ with unspecified Boeing test (no details) || unverified claim","https://www.reddit.com/r/aviation || https://www.reddit.com/r/StockMarket",45,22,2
